key,zh,en,file,line
"zh_e4b8bae5ada6e591","为学员匹配辅导导师","","packages/lead-mentor/src/components/AssignMentorModal.vue",26
"zh_e585b3e997ade5af","关闭导师匹配弹层","","packages/lead-mentor/src/components/AssignMentorModal.vue",32
"zh_e99da2e8af95e998","面试阶段","","packages/lead-mentor/src/components/AssignMentorModal.vue",62
"zh_e99da2e8af95e697","面试时间","","packages/lead-mentor/src/components/AssignMentorModal.vue",66
"zh_e99c80e6b182e5af","需求导师","","packages/lead-mentor/src/components/AssignMentorModal.vue",70
"zh_e6848fe59091e5af","意向导师","","packages/lead-mentor/src/components/AssignMentorModal.vue",74
"zh_e68e92e999a4e5af","排除导师","","packages/lead-mentor/src/components/AssignMentorModal.vue",78
"zh_e7ad9be98089e5af","筛选导师","","packages/lead-mentor/src/components/AssignMentorModal.vue",85
"zh_e585a8e983a8e68e","全部排期状态","","packages/lead-mentor/src/components/AssignMentorModal.vue",90
"zh_e585a8e983a8e4b8","全部主攻方向","","packages/lead-mentor/src/components/AssignMentorModal.vue",99
"zh_e585a8e983a8e5ad","全部子方向","","packages/lead-mentor/src/components/AssignMentorModal.vue",109
"zh_e6909ce7b4a2e5af","搜索导师姓名","","packages/lead-mentor/src/components/AssignMentorModal.vue",118
"zh_e585b1e689bee588","共找到","","packages/lead-mentor/src/components/AssignMentorModal.vue",127
"zh_e4bd8de5afbce5b8","位导师","","packages/lead-mentor/src/components/AssignMentorModal.vue",127
"zh_e98089e68ba9e5af","选择导师","","packages/lead-mentor/src/components/AssignMentorModal.vue",133
"zh_e58fafe5a49ae980","可多选","","packages/lead-mentor/src/components/AssignMentorModal.vue",134
"zh_e69a82e697a0e7ac","暂无符合条件的导师","","packages/lead-mentor/src/components/AssignMentorModal.vue",140
"zh_e5ada6e59198","学员","","packages/lead-mentor/src/components/AssignMentorModal.vue",175
"zh_e5b7b2e98089e68b","已选择","","packages/lead-mentor/src/components/AssignMentorModal.vue",185
"zh_e5a487e6b3a8","备注","","packages/lead-mentor/src/components/AssignMentorModal.vue",191
"zh_e98089e5a1ab","选填","","packages/lead-mentor/src/components/AssignMentorModal.vue",192
"zh_e7bb99e5afbce5b8","给导师的特别说明，如学员背景、重点辅导内容等","","packages/lead-mentor/src/components/AssignMentorModal.vue",197
"zh_e58f96e6b688","取消","","packages/lead-mentor/src/components/AssignMentorModal.vue",203
"zh_e7a1aee8aea4e58c","确认匹配","","packages/lead-mentor/src/components/AssignMentorModal.vue",206
"zh_e5afbce5b888e588","导师列表加载失败","","packages/lead-mentor/src/components/AssignMentorModal.vue",333
"zh_e8afb7e887b3e5b0","请至少选择1位导师","","packages/lead-mentor/src/components/AssignMentorModal.vue",384
"zh_e5afbce5b888e695","导师数量必须等于申请导师数量","","packages/lead-mentor/src/components/AssignMentorModal.vue",388
"zh_e696b9e59091e5be","方向待补充","","packages/lead-mentor/src/components/AssignMentorModal.vue",414
"zh_e68980e59ca8e59c","所在地待补充","","packages/lead-mentor/src/components/AssignMentorModal.vue",420
"zh_e69caae79fa5","未知","","packages/lead-mentor/src/components/AssignMentorModal.vue",435
"zh_e585b3e997ade5a4","关闭处理模拟应聘申请弹层","","packages/lead-mentor/src/components/AssignMockModal.vue",11
"zh_e5a484e79086e6a8","处理模拟应聘申请","","packages/lead-mentor/src/components/AssignMockModal.vue",25
"zh_e58886e9858de5af","分配导师","","packages/lead-mentor/src/components/AssignMockModal.vue",51
"zh_e9a284e7baa6e697","预约时间","","packages/lead-mentor/src/components/AssignMockModal.vue",70
"zh_e5a487e6b3a8e8af","备注说明","","packages/lead-mentor/src/components/AssignMockModal.vue",76
"zh_e5a682e69c89e585","如有其他说明，请在此填写","","packages/lead-mentor/src/components/AssignMockModal.vue",82
"zh_e7a1aee8aea4e5ae","确认安排","","packages/lead-mentor/src/components/AssignMockModal.vue",91
"zh_e585b3e997ade5ad","关闭学员求职详情弹层","","packages/lead-mentor/src/components/JobDetailModal.vue",12
"zh_e5ada6e59198e6b1","学员求职详情","","packages/lead-mentor/src/components/JobDetailModal.vue",26
"zh_e5ada6e59198e4bf","学员信息","","packages/lead-mentor/src/components/JobDetailModal.vue",45
"zh_e78fade4b8bbe4bb","班主任","","packages/lead-mentor/src/components/JobDetailModal.vue",62
"zh_e794b3e8afb7e5b2","申请岗位","","packages/lead-mentor/src/components/JobDetailModal.vue",73
"zh_e68b9be88198e591","招聘周期","","packages/lead-mentor/src/components/JobDetailModal.vue",80
"zh_e6b182e8818ce8bf","求职进度","","packages/lead-mentor/src/components/JobDetailModal.vue",89
"zh_e8be85e5afbce4bf","辅导信息","","packages/lead-mentor/src/components/JobDetailModal.vue",114
"zh_e8be85e5afbce78a","辅导状态","","packages/lead-mentor/src/components/JobDetailModal.vue",120
"zh_e5b7b2e4b88ae8af","已上课时","","packages/lead-mentor/src/components/JobDetailModal.vue",134
"zh_e794b3e8afb7e697","申请时间","","packages/lead-mentor/src/components/JobDetailModal.vue",140
"zh_e8afbee7a88be8ae","课程记录 (最近3条","","packages/lead-mentor/src/components/JobDetailModal.vue",151
"zh_e69fa5e79c8be585","查看全部","","packages/lead-mentor/src/components/JobDetailModal.vue",155
"zh_e5ada6e59198e5a4","学员备注","","packages/lead-mentor/src/components/JobDetailModal.vue",183
"zh_e585b3e997ad","关闭","","packages/lead-mentor/src/components/JobDetailModal.vue",190
"zh_e69bb4e68da2e5af","更换导师","","packages/lead-mentor/src/components/JobDetailModal.vue",200
"zh_e5b7b2e68a95e980","已投递","","packages/lead-mentor/src/components/JobDetailModal.vue",270
"zh_e5bd93e5898d","当前","","packages/lead-mentor/src/components/JobDetailModal.vue",281
"zh_e6a8a1e68b9fe99d","模拟面试","","packages/lead-mentor/src/components/JobDetailModal.vue",297
"zh_e8a1a8e78eb0e4bc","表现优秀，建议加强Valuation部分","","packages/lead-mentor/src/components/JobDetailModal.vue",299
"zh_e4bc98e7a780","优秀","","packages/lead-mentor/src/components/JobDetailModal.vue",300
"zh_e68a80e69cafe8ae","技术讲解","","packages/lead-mentor/src/components/JobDetailModal.vue",306
"zh_e68e8ce68fa14443","掌握DCF基础，需巩固","","packages/lead-mentor/src/components/JobDetailModal.vue",308
"zh_e889afe5a5bd","良好","","packages/lead-mentor/src/components/JobDetailModal.vue",309
"zh_e7ae80e58e86e4bf","简历修改","","packages/lead-mentor/src/components/JobDetailModal.vue",315
"zh_e5ae8ce68890e7ae","完成简历优化，突出实习经历","","packages/lead-mentor/src/components/JobDetailModal.vue",317
"zh_e5ae8ce68890","完成","","packages/lead-mentor/src/components/JobDetailModal.vue",318
"zh_e585b3e997ade7bc","关闭编辑个人信息弹层","","packages/lead-mentor/src/components/LeadEditProfileModal.vue",11
"zh_e7bc96e8be91e4b8","编辑个人信息","","packages/lead-mentor/src/components/LeadEditProfileModal.vue",25
"zh_e4bfaee694b9e4bf","修改信息后，后台文员将收到提醒通知","","packages/lead-mentor/src/components/LeadEditProfileModal.vue",42
"zh_e6b3a8e6848fefbc","注意：主攻方向、二级方向和课单价不可自行修改","","packages/lead-mentor/src/components/LeadEditProfileModal.vue",43
"zh_e58fafe4bfaee694","可修改信息","","packages/lead-mentor/src/components/LeadEditProfileModal.vue",51
"zh_e88bb1e69687e590","英文名","","packages/lead-mentor/src/components/LeadEditProfileModal.vue",58
"zh_e680a7e588ab","性别","","packages/lead-mentor/src/components/LeadEditProfileModal.vue",65
"zh_e8afb7e98089e68b","请选择","","packages/lead-mentor/src/components/LeadEditProfileModal.vue",68
"zh_e6898be69cbae58f","手机号","","packages/lead-mentor/src/components/LeadEditProfileModal.vue",76
"zh_e5beaee4bfa1e58f","微信号","","packages/lead-mentor/src/components/LeadEditProfileModal.vue",82
"zh_e5be85e68f90e4ba","待提交变更申请补充","","packages/lead-mentor/src/components/LeadEditProfileModal.vue",87
"zh_e982aee7aeb1","邮箱","","packages/lead-mentor/src/components/LeadEditProfileModal.vue",93
"zh_e68980e5b19ee59c","所属地区","","packages/lead-mentor/src/components/LeadEditProfileModal.vue",100
"zh_e98089e68ba9e5a4","选择大区","","packages/lead-mentor/src/components/LeadEditProfileModal.vue",104
"zh_e58c97e7be8e","北美","","packages/lead-mentor/src/components/LeadEditProfileModal.vue",105
"zh_e6aca7e6b4b2","欧洲","","packages/lead-mentor/src/components/LeadEditProfileModal.vue",106
"zh_e4ba9ae5a4aa","亚太","","packages/lead-mentor/src/components/LeadEditProfileModal.vue",107
"zh_e4b8ade59bbde5a4","中国大陆","","packages/lead-mentor/src/components/LeadEditProfileModal.vue",108
"zh_e98089e68ba9e59f","选择城市","","packages/lead-mentor/src/components/LeadEditProfileModal.vue",111
"zh_e7babde7baa6","纽约","","packages/lead-mentor/src/components/LeadEditProfileModal.vue",112
"zh_e4bca6e695a6","伦敦","","packages/lead-mentor/src/components/LeadEditProfileModal.vue",113
"zh_e696b0e58aa0e59d","新加坡","","packages/lead-mentor/src/components/LeadEditProfileModal.vue",114
"zh_e4b88ae6b5b7","上海","","packages/lead-mentor/src/components/LeadEditProfileModal.vue",115
"zh_e58c97e4baac","北京","","packages/lead-mentor/src/components/LeadEditProfileModal.vue",116
"zh_e68f90e4baa4e4b8","提交中","","packages/lead-mentor/src/components/LeadEditProfileModal.vue",128
"zh_e4bf9de5ad98e4bf","保存修改","","packages/lead-mentor/src/components/LeadEditProfileModal.vue",128
"zh_e585b3e997ade5bc","关闭强制填写排期弹层","","packages/lead-mentor/src/components/LeadForceScheduleModal.vue",11
"zh_e5bcbae588b6e5a1","强制填写排期","","packages/lead-mentor/src/components/LeadForceScheduleModal.vue",26
"zh_e5bd93e5898de5b0","当前尚未提交下周排期，请立即补全可用时间","","packages/lead-mentor/src/components/LeadForceScheduleModal.vue",30
"zh_e5a1abe58699e591","填写周期","","packages/lead-mentor/src/components/LeadForceScheduleModal.vue",37
"zh_e4b88be591a8e58f","下周可上课时长","","packages/lead-mentor/src/components/LeadForceScheduleModal.vue",44
"zh_e5b08fe697b6","小时","","packages/lead-mentor/src/components/LeadForceScheduleModal.vue",55
"zh_e6af8fe5a4a9e58f","每天可上课时间","","packages/lead-mentor/src/components/LeadForceScheduleModal.vue",60
"zh_e7a1aee8aea4e68f","确认提交排期","","packages/lead-mentor/src/components/LeadForceScheduleModal.vue",90
"zh_e4b88ae58d88","上午","","packages/lead-mentor/src/components/LeadForceScheduleModal.vue",118
"zh_e4b88be58d88","下午","","packages/lead-mentor/src/components/LeadForceScheduleModal.vue",119
"zh_e6999ae4b88a","晚上","","packages/lead-mentor/src/components/LeadForceScheduleModal.vue",120
"zh_e585b3e997ade8af","关闭课程详情弹层","","packages/lead-mentor/src/components/LeadMentorClassDetailModal.vue",11
"zh_e5afbce5b888","导师","","packages/lead-mentor/src/components/LeadMentorClassDetailModal.vue",83
"zh_e68f90e4baa4e697","提交时间","","packages/lead-mentor/src/components/LeadMentorClassDetailModal.vue",86
"zh_e585b3e997ade4ba","关闭人脉拓展详情弹层","","packages/lead-mentor/src/components/LeadMentorClassDetailNetworkingModal.vue",11
"zh_e585b3e997ade5b8","关闭常规辅导详情弹层","","packages/lead-mentor/src/components/LeadMentorClassDetailRegularModal.vue",11
"zh_e585b3e997ade7ae","关闭简历修改详情弹层","","packages/lead-mentor/src/components/LeadMentorClassDetailResumeModal.vue",11
"zh_e585b3e997ade8af","关闭课程审核驳回弹层","","packages/lead-mentor/src/components/LeadMentorClassRejectModal.vue",11
"zh_e5aea1e6a0b8e4ba","审核人","","packages/lead-mentor/src/components/LeadMentorClassRejectModal.vue",69
"zh_e9a9b3e59b9ee697","驳回时间","","packages/lead-mentor/src/components/LeadMentorClassRejectModal.vue",70
"zh_e9878de696b0e68f","重新提交","","packages/lead-mentor/src/components/LeadMentorClassRejectModal.vue",76
"zh_e585b3e997ade6a8","关闭模拟反馈弹层","","packages/lead-mentor/src/components/LeadMockFeedbackModal.vue",11
"zh_e69fa5e79c8be6a8","查看模拟反馈","","packages/lead-mentor/src/components/LeadMockFeedbackModal.vue",25
"zh_e5ae9ee99985e697","实际时长","","packages/lead-mentor/src/components/LeadMockFeedbackModal.vue",60
"zh_e8afa6e7bb86e58f","详细反馈","","packages/lead-mentor/src/components/LeadMockFeedbackModal.vue",67
"zh_e8afbee6b688e58f","课消反馈","","packages/lead-mentor/src/components/LeadMockFeedbackModal.vue",75
"zh_e694b9e8bf9be5bb","改进建议","","packages/lead-mentor/src/components/LeadMockFeedbackModal.vue",97
"zh_e585b3e997ade688","关闭我的学员申请弹层","","packages/lead-mentor/src/components/PositionMyStudentsModal.vue",11
"zh_e68891e79a84e5ad","我的学员申请","","packages/lead-mentor/src/components/PositionMyStudentsModal.vue",25
"zh_e4bb85e698bee7a4","仅显示您管理的学员，您可以修改学员的求职状态","","packages/lead-mentor/src/components/PositionMyStudentsModal.vue",41
"zh_e5ada6e7949f","学生","","packages/lead-mentor/src/components/PositionMyStudentsModal.vue",48
"zh_e5a793e5908d","姓名","","packages/lead-mentor/src/components/PositionMyStudentsModal.vue",49
"zh_e5b297e4bd8d","岗位","","packages/lead-mentor/src/components/PositionMyStudentsModal.vue",50
"zh_e78ab6e68081","状态","","packages/lead-mentor/src/components/PositionMyStudentsModal.vue",51
"zh_e799bbe5bd95","登录","","packages/lead-mentor/src/router/index.ts",7
"zh_e9a696e9a1b5","首页","","packages/lead-mentor/src/router/index.ts",13
"zh_e5b297e4bd8de4bf","岗位信息","","packages/lead-mentor/src/router/index.ts",14
"zh_e5ada6e59198e6b1","学员求职总览","","packages/lead-mentor/src/router/index.ts",15
"zh_e6a8a1e68b9fe5ba","模拟应聘管理","","packages/lead-mentor/src/router/index.ts",16
"zh_e5ada6e59198e588","学员列表","","packages/lead-mentor/src/router/index.ts",17
"zh_e8afbee7a88be8ae","课程记录","","packages/lead-mentor/src/router/index.ts",18
"zh_e78fade7baa7e7ae","班级管理","","packages/lead-mentor/src/router/index.ts",20
"zh_e5afbce5b888e7ae","导师管理","","packages/lead-mentor/src/router/index.ts",22
"zh_e5ada6e68385e68a","学情报告","","packages/lead-mentor/src/router/index.ts",24
"zh_e59fbae69cace4bf","基本信息","","packages/lead-mentor/src/router/index.ts",26
"zh_e8afbee7a88be68e","课程排期","","packages/lead-mentor/src/router/index.ts",27
"zh_e5afbce587ba","导出","","packages/lead-mentor/src/views/career/job-overview/index.vue",11
"zh_e585a8e983a8e585","全部公司","","packages/lead-mentor/src/views/career/job-overview/index.vue",21
"zh_e585a8e983a8e78a","全部状态","","packages/lead-mentor/src/views/career/job-overview/index.vue",29
"zh_e99da2e8af95e5bc","面试开始', '面试结束","","packages/lead-mentor/src/views/career/job-overview/index.vue",40
"zh_e698afe590a6e4b8","是否上报课消","","packages/lead-mentor/src/views/career/job-overview/index.vue",47
"zh_e6909ce7b4a2","搜索","","packages/lead-mentor/src/views/career/job-overview/index.vue",57
"zh_e68891e7aea1e790","我管理的学员","","packages/lead-mentor/src/views/career/job-overview/index.vue",67
"zh_e69fa5e79c8be7ae","查看管理学员的求职进度，已确认状态刷新后保持一致","","packages/lead-mentor/src/views/career/job-overview/index.vue",74
"zh_e7a1aee8aea4","确认","","packages/lead-mentor/src/views/career/job-overview/index.vue",129
"zh_e69fa5e79c8be8af","查看详情","","packages/lead-mentor/src/views/career/job-overview/index.vue",138
"zh_e68891e8be85e5af","我辅导的学员","","packages/lead-mentor/src/views/career/job-overview/index.vue",150
"zh_e4b88ae68aa5e8af","上报课消","","packages/lead-mentor/src/views/career/job-overview/index.vue",205
"zh_e5be85e58886e985","待分配导师","","packages/lead-mentor/src/views/career/job-overview/index.vue",236
"zh_e4bba5e4b88be5ad","以下学员申请了辅导，需要您分配导师","","packages/lead-mentor/src/views/career/job-overview/index.vue",243
"zh_e5be85e69bb4e696","待更新","","packages/lead-mentor/src/views/career/job-overview/index.vue",376
"zh_e585ace58fb8","公司","","packages/lead-mentor/src/views/career/job-overview/index.vue",394
"zh_e59f8ee5b882","城市","","packages/lead-mentor/src/views/career/job-overview/index.vue",395
"zh_e6938de4bd9c","操作","","packages/lead-mentor/src/views/career/job-overview/index.vue",399
"zh_e5b7b2e4b88ae68a","已上报课消数","","packages/lead-mentor/src/views/career/job-overview/index.vue",410
"zh_e69c80e8bf91e8af","最近评分","","packages/lead-mentor/src/views/career/job-overview/index.vue",423
"zh_e8afbee6b688e8ae","课消记录已提交","","packages/lead-mentor/src/views/career/job-overview/index.vue",602
"zh_e6b182e8818ce680","求职总览加载失败","","packages/lead-mentor/src/views/career/job-overview/index.vue",661
"zh_e6b182e8818ce8af","求职详情加载失败","","packages/lead-mentor/src/views/career/job-overview/index.vue",688
"zh_e8afbee6b688e8af","课消详情加载失败","","packages/lead-mentor/src/views/career/job-overview/index.vue",703
"zh_e5afbce5b888e58c","导师匹配上下文丢失","","packages/lead-mentor/src/views/career/job-overview/index.vue",735
"zh_e8be85e5afbce4b8","辅导中","","packages/lead-mentor/src/views/career/job-overview/index.vue",792
"zh_e5afbce5b888e58c","导师匹配已保存","","packages/lead-mentor/src/views/career/job-overview/index.vue",799
"zh_e5afbce5b888e58c","导师匹配保存失败","","packages/lead-mentor/src/views/career/job-overview/index.vue",804
"zh_e998b6e6aeb5e69b","阶段更新已确认","","packages/lead-mentor/src/views/career/job-overview/index.vue",824
"zh_e998b6e6aeb5e7a1","阶段确认失败","","packages/lead-mentor/src/views/career/job-overview/index.vue",829
"zh_e5be85e58886e985","待分配班主任","","packages/lead-mentor/src/views/career/job-overview/index.vue",882
"zh_e5be85e58886e985","待分配","","packages/lead-mentor/src/views/career/job-overview/index.vue",890
"zh_e8afa5e5ada6e591","该学员","","packages/lead-mentor/src/views/career/job-overview/index.vue",893
"zh_e5bd93e5898de5a4","当前处于","","packages/lead-mentor/src/views/career/job-overview/index.vue",893
"zh_e998b6e6aeb5","阶段","","packages/lead-mentor/src/views/career/job-overview/index.vue",893
"zh_e998b6e6aeb5e69b","阶段更新","","packages/lead-mentor/src/views/career/job-overview/index.vue",909
"zh_e68a95e98092","投递","","packages/lead-mentor/src/views/career/job-overview/index.vue",968
"zh_e99c80e58d8fe58a","需协助","","packages/lead-mentor/src/views/career/job-overview/index.vue",1009
"zh_e5be85e5ae9a","待定","","packages/lead-mentor/src/views/career/job-overview/index.vue",1031
"zh_e5b7b2e7bb93e69d","已结束","","packages/lead-mentor/src/views/career/job-overview/index.vue",1060
"zh_e4bb8ae5a4a9","今天","","packages/lead-mentor/src/views/career/job-overview/index.vue",1063
"zh_e8bf98e589a9","还剩","","packages/lead-mentor/src/views/career/job-overview/index.vue",1065
"zh_e4bba5e4b88be698","以下是您管理的学员的模拟应聘记录（由其他导师辅导","","packages/lead-mentor/src/views/career/mock-practice/index.vue",23
"zh_e7b1bbe59e8b","类型","","packages/lead-mentor/src/views/career/mock-practice/index.vue",28
"zh_e585a8e983a8e7b1","全部类型","","packages/lead-mentor/src/views/career/mock-practice/index.vue",31
"zh_e7ad9be98089","筛选","","packages/lead-mentor/src/views/career/mock-practice/index.vue",40
"zh_e9878de7bdae","重置","","packages/lead-mentor/src/views/career/mock-practice/index.vue",46
"zh_e5bd93e5898de69a","当前暂无管理学员的模拟应聘记录","","packages/lead-mentor/src/views/career/mock-practice/index.vue",59
"zh_e4bba5e4b88be698","以下是由您亲自辅导的学员模拟应聘记录","","packages/lead-mentor/src/views/career/mock-practice/index.vue",122
"zh_e5bd93e5898de69a","当前暂无辅导的模拟应聘记录","","packages/lead-mentor/src/views/career/mock-practice/index.vue",158
"zh_e4bba5e4b88be5ad","以下学员申请了模拟应聘，需要分配导师","","packages/lead-mentor/src/views/career/mock-practice/index.vue",230
"zh_e69a82e697a0e5be","暂无待分配的模拟应聘记录","","packages/lead-mentor/src/views/career/mock-practice/index.vue",266
"zh_e4babae99985e585","人际关系测试","","packages/lead-mentor/src/views/career/mock-practice/index.vue",421
"zh_e69c9fe4b8ade880","期中考试","","packages/lead-mentor/src/views/career/mock-practice/index.vue",422
"zh_e8afbee7a88be58f","课程反馈","","packages/lead-mentor/src/views/career/mock-practice/index.vue",438
"zh_e8be85e5afbce5af","辅导导师","","packages/lead-mentor/src/views/career/mock-practice/index.vue",446
"zh_e6a8a1e68b9fe5ba","模拟应聘数据加载失败","","packages/lead-mentor/src/views/career/mock-practice/index.vue",500
"zh_e7ad9be98089e5a4","筛选失败，请稍后重试","","packages/lead-mentor/src/views/career/mock-practice/index.vue",509
"zh_e6a8a1e68b9fe58f","模拟反馈加载失败","","packages/lead-mentor/src/views/career/mock-practice/index.vue",527
"zh_e6a8a1e68b9fe5ba","模拟应聘详情加载失败","","packages/lead-mentor/src/views/career/mock-practice/index.vue",543
"zh_e58886e9858de4b8","分配上下文丢失","","packages/lead-mentor/src/views/career/mock-practice/index.vue",565
"zh_e9a284e7baa6e697","预约时间不能为空","","packages/lead-mentor/src/views/career/mock-practice/index.vue",575
"zh_e58886e9858de5af","分配导师数量必须等于申请导师数量","","packages/lead-mentor/src/views/career/mock-practice/index.vue",580
"zh_e5afbce5b888e588","导师分配已保存","","packages/lead-mentor/src/views/career/mock-practice/index.vue",587
"zh_e5afbce5b888e588","导师分配保存失败","","packages/lead-mentor/src/views/career/mock-practice/index.vue",592
"zh_e58886e9858de7a1","分配确认已保存","","packages/lead-mentor/src/views/career/mock-practice/index.vue",599
"zh_e58886e9858de7a1","分配确认失败","","packages/lead-mentor/src/views/career/mock-practice/index.vue",604
"zh_e7ad89e5be85e5af","等待导师确认","","packages/lead-mentor/src/views/career/mock-practice/index.vue",642
"zh_e7ad89e5be85e5af","等待导师补充反馈","","packages/lead-mentor/src/views/career/mock-practice/index.vue",642
"zh_e69a82e697a0e58f","暂无反馈","","packages/lead-mentor/src/views/career/mock-practice/index.vue",667
"zh_e5be85e694b9e8bf","待改进","","packages/lead-mentor/src/views/career/mock-practice/index.vue",780
"zh_e5be85e58f8de9a6","待反馈","","packages/lead-mentor/src/views/career/mock-practice/index.vue",783
"zh_e5afbce5b888e5bb","导师建议继续推进下一阶段训练","","packages/lead-mentor/src/views/career/mock-practice/index.vue",802
"zh_e5bbbae8aeaee585","建议先补一轮针对性训练后再继续推进","","packages/lead-mentor/src/views/career/mock-practice/index.vue",804
"zh_e7bb93e59088e5af","结合导师反馈继续补充高频题训练","","packages/lead-mentor/src/views/career/mock-practice/index.vue",817
"zh_e69c9fe69c9b","期望","","packages/lead-mentor/src/views/career/mock-practice/index.vue",822
"zh_e5be85e7a1aee8ae","待确认导师人数","","packages/lead-mentor/src/views/career/mock-practice/index.vue",822
"zh_e58897e8a1a8e8a7","列表视图","","packages/lead-mentor/src/views/career/positions/index.vue",10
"zh_e4b88be992bbe8a7","下钻视图","","packages/lead-mentor/src/views/career/positions/index.vue",13
"zh_e585a8e983a8e588","全部分类","","packages/lead-mentor/src/views/career/positions/index.vue",24
"zh_e585a8e983a8e8a1","全部行业","","packages/lead-mentor/src/views/career/positions/index.vue",36
"zh_e585a8e983a8e59c","全部地区","","packages/lead-mentor/src/views/career/positions/index.vue",64
"zh_e6909ce7b4a2e5b2","搜索岗位名称","","packages/lead-mentor/src/views/career/positions/index.vue",76
"zh_e6ada3e59ca8e58a","正在加载岗位数据","","packages/lead-mentor/src/views/career/positions/index.vue",88
"zh_e69caae5bd92e7b1","未归类","","packages/lead-mentor/src/views/career/positions/index.vue",240
"zh_e5aeb6e585ace58f","家公司","","packages/lead-mentor/src/views/career/positions/index.vue",407
"zh_e4b8aae5b297e4bd","个岗位","","packages/lead-mentor/src/views/career/positions/index.vue",408
"zh_e68891e79a84e5ad","我的学员","","packages/lead-mentor/src/views/career/positions/index.vue",409
"zh_e5b297e4bd8de7ad","岗位筛选项加载失败","","packages/lead-mentor/src/views/career/positions/index.vue",649
"zh_e5b297e4bd8de588","岗位列表加载失败","","packages/lead-mentor/src/views/career/positions/index.vue",663
"zh_e68891e79a84e5ad","我的学员申请加载失败","","packages/lead-mentor/src/views/career/positions/index.vue",702
"zh_e69caae794b3e8af","未申请","","packages/lead-mentor/src/views/career/positions/index.vue",841
"zh_e69fa5e79c8b","查看","","packages/lead-mentor/src/views/classes/index.vue",7
"zh_e7bc96e8be91","编辑","","packages/lead-mentor/src/views/classes/index.vue",7
"zh_e78fade7baa7e590","班级名称","","packages/lead-mentor/src/views/classes/index.vue",20
"zh_e5ada6e59198e695","学员数","","packages/lead-mentor/src/views/classes/index.vue",21
"zh_e5bc80e78fade697","开班日期","","packages/lead-mentor/src/views/classes/index.vue",22
"zh_e5b0b1e4b89ae78f","就业班 01 期","","packages/lead-mentor/src/views/classes/index.vue",27
"zh_e8bf9be8a18ce4b8","进行中","","packages/lead-mentor/src/views/classes/index.vue",27
"zh_e5b0b1e4b89ae78f","就业班 02 期","","packages/lead-mentor/src/views/classes/index.vue",28
"zh_e5898de7abafe5b0","前端就业班 01 期","","packages/lead-mentor/src/views/classes/index.vue",29
"zh_e7aea1e79086e78f","管理班级","","packages/lead-mentor/src/views/dashboard/index.vue",4
"zh_e5ada6e59198e680","学员总数","","packages/lead-mentor/src/views/dashboard/index.vue",5
"zh_e59ca8e8818ce5af","在职导师","","packages/lead-mentor/src/views/dashboard/index.vue",6
"zh_e69cace591a8e8af","本周课程","","packages/lead-mentor/src/views/dashboard/index.vue",7
"zh_e78fade7baa7e5ad","班级学习进度","","packages/lead-mentor/src/views/dashboard/index.vue",11
"zh_e5be85e58a9ee4ba","待办事项","","packages/lead-mentor/src/views/dashboard/index.vue",23
"zh_e68e92e8afbe","排课","","packages/lead-mentor/src/views/dashboard/index.vue",44
"zh_e5bca0e5908ce5ad","张同学本周缺少排课","","packages/lead-mentor/src/views/dashboard/index.vue",44
"zh_e58f8de9a688","反馈","","packages/lead-mentor/src/views/dashboard/index.vue",45
"zh_e4bd8de5ada6e591","位学员待学情评估","","packages/lead-mentor/src/views/dashboard/index.vue",45
"zh_e7bb93e7ae97","结算","","packages/lead-mentor/src/views/dashboard/index.vue",46
"zh_e69c88e5afbce5b8","月导师课时待确认","","packages/lead-mentor/src/views/dashboard/index.vue",46
"zh_e8818ce4b89ae59f","职业培训一站式平台，学生与导师共同成长","","packages/lead-mentor/src/views/login/index.vue",9
"zh_e6aca2e8bf8ee59b","欢迎回来","","packages/lead-mentor/src/views/login/index.vue",28
"zh_e4bdbfe794a8e982","使用邮箱登录（主导师/班主任","","packages/lead-mentor/src/views/login/index.vue",29
"zh_e8afb7e8be93e585","请输入邮箱","","packages/lead-mentor/src/views/login/index.vue",43
"zh_e5af86e7a081","密码","","packages/lead-mentor/src/views/login/index.vue",49
"zh_e8afb7e8be93e585","请输入密码","","packages/lead-mentor/src/views/login/index.vue",55
"zh_e99a90e8978fe5af","隐藏密码","","packages/lead-mentor/src/views/login/index.vue",61
"zh_e698bee7a4bae5af","显示密码","","packages/lead-mentor/src/views/login/index.vue",61
"zh_e799bbe5bd95e4b8","登录中","","packages/lead-mentor/src/views/login/index.vue",71
"zh_e799bb20e5bd95","登 录","","packages/lead-mentor/src/views/login/index.vue",71
"zh_e5bf98e8aeb0e5af","忘记密码","","packages/lead-mentor/src/views/login/index.vue",76
"zh_e782b9e587bbe987","点击重置","","packages/lead-mentor/src/views/login/index.vue",83
"zh_e5ada6e7949fe7ab","学生端：一对一导师辅导","","packages/lead-mentor/src/views/login/index.vue",114
"zh_e5afbce5b888e7ab","导师端：高效课程管理","","packages/lead-mentor/src/views/login/index.vue",115
"zh_e5ae9ee697b6e5b2","实时岗位信息共享","","packages/lead-mentor/src/views/login/index.vue",116
"zh_e5ae8ce59684e79a","完善的学习资料库","","packages/lead-mentor/src/views/login/index.vue",117
"zh_e8afb7e8be93e585","请输入邮箱和密码","","packages/lead-mentor/src/views/login/index.vue",144
"zh_e8afa5e8b4a6e58f","该账号无班主任端访问权限","","packages/lead-mentor/src/views/login/index.vue",158
"zh_e799bbe5bd95e688","登录成功","","packages/lead-mentor/src/views/login/index.vue",167
"zh_e982aee7aeb1e688","邮箱或密码错误","","packages/lead-mentor/src/views/login/index.vue",171
"zh_e4b893e995bf","专长","","packages/lead-mentor/src/views/mentors/index.vue",15
"zh_e5b8a6e69599e5ad","带教学员数","","packages/lead-mentor/src/views/mentors/index.vue",16
"zh_e69cace69c88e8af","本月课时","","packages/lead-mentor/src/views/mentors/index.vue",17
"zh_e8af84e58886","评分","","packages/lead-mentor/src/views/mentors/index.vue",18
"zh_e78e8be88081e5b8","王老师","","packages/lead-mentor/src/views/mentors/index.vue",21
"zh_e5bca0e88081e5b8","张老师","","packages/lead-mentor/src/views/mentors/index.vue",22
"zh_e5beaee69c8de58a","微服务","","packages/lead-mentor/src/views/mentors/index.vue",22
"zh_e7bc96e8be91e4bf","编辑信息","","packages/lead-mentor/src/views/profile/basic/index.vue",16
"zh_e6ada3e59ca8e590","正在同步班主任资料","","packages/lead-mentor/src/views/profile/basic/index.vue",23
"zh_e5b7b2e68f90e4ba","已提交","","packages/lead-mentor/src/views/profile/basic/index.vue",34
"zh_e69da1e5be85e5ae","条待审核变更申请，后台文员审核后才会更新主资料","","packages/lead-mentor/src/views/profile/basic/index.vue",34
"zh_e69c80e8bf91e4b8","最近一条","","packages/lead-mentor/src/views/profile/basic/index.vue",36
"zh_e6a0b8e5bf83e4bf","核心信息","","packages/lead-mentor/src/views/profile/basic/index.vue",43
"zh_e88194e7b3bbe696","联系方式","","packages/lead-mentor/src/views/profile/basic/index.vue",71
"zh_e4b893e4b89ae696","专业方向","","packages/lead-mentor/src/views/profile/basic/index.vue",94
"zh_e5a682e99c80e4bf","如需修改请联系后台文员","","packages/lead-mentor/src/views/profile/basic/index.vue",98
"zh_e4b8bbe694bbe696","主攻方向","","packages/lead-mentor/src/views/profile/basic/index.vue",103
"zh_e4ba8ce7baa7e696","二级方向","","packages/lead-mentor/src/views/profile/basic/index.vue",107
"zh_e8afbee7a88be4bf","课程信息","","packages/lead-mentor/src/views/profile/basic/index.vue",117
"zh_e58fafe68e88e8af","可授课程类型","","packages/lead-mentor/src/views/profile/basic/index.vue",122
"zh_e4bba5e5908ee58f","以后台配置为准","","packages/lead-mentor/src/views/profile/basic/index.vue",124
"zh_e8afbee58d95e4bb","课单价","","packages/lead-mentor/src/views/profile/basic/index.vue",129
"zh_e4b88de58fafe4bf","不可修改","","packages/lead-mentor/src/views/profile/basic/index.vue",130
"zh_e5be85e5ae8ce596","待完善","","packages/lead-mentor/src/views/profile/basic/index.vue",172
"zh_e99481e5ae9ae5ad","锁定字段，由后台维护","","packages/lead-mentor/src/views/profile/basic/index.vue",190
"zh_e78fade4b8bbe4bb","班主任资料加载失败","","packages/lead-mentor/src/views/profile/basic/index.vue",218
"zh_e69da1e58f98e69b","条变更申请","","packages/lead-mentor/src/views/profile/basic/index.vue",245
"zh_e4b8aae4babae4b8","个人中心","","packages/lead-mentor/src/views/profile/index.vue",3
"zh_e794a8e688b7e590","用户名","","packages/lead-mentor/src/views/profile/index.vue",5
"zh_e698b5e7a7b0","昵称","","packages/lead-mentor/src/views/profile/index.vue",6
"zh_e68891e79a84e68e","我的排期","","packages/lead-mentor/src/views/profile/schedule/index.vue",4
"zh_e68e92e69c9fe68f","排期提醒","","packages/lead-mentor/src/views/profile/schedule/index.vue",8
"zh_e8afb7e59ca8e591","请在周日前更新下周排期","","packages/lead-mentor/src/views/profile/schedule/index.vue",15
"zh_e68c89e79c9fe5ae","按真实状态更新","","packages/lead-mentor/src/views/profile/schedule/index.vue",19
"zh_e5bd93e5898de799","当前登录班主任","","packages/lead-mentor/src/views/profile/schedule/index.vue",29
"zh_e69cace591a8e58f","本周可用","","packages/lead-mentor/src/views/profile/schedule/index.vue",35
"zh_e58fafe794a8e5a4","可用天数","","packages/lead-mentor/src/views/profile/schedule/index.vue",39
"zh_e68e92e69c9fe78a","排期状态","","packages/lead-mentor/src/views/profile/schedule/index.vue",43
"zh_e69cace591a8e68e","本周排期","","packages/lead-mentor/src/views/profile/schedule/index.vue",54
"zh_e58faae8afbbe8a7","只读视图","","packages/lead-mentor/src/views/profile/schedule/index.vue",56
"zh_e58fafe794a8e697","可用时长","","packages/lead-mentor/src/views/profile/schedule/index.vue",63
"zh_e5b7b2e8aebee7bd","已设置的可用时间","","packages/lead-mentor/src/views/profile/schedule/index.vue",74
"zh_e58faae8afbb","只读","","packages/lead-mentor/src/views/profile/schedule/index.vue",75
"zh_e4b88be591a8e68e","下周排期","","packages/lead-mentor/src/views/profile/schedule/index.vue",97
"zh_e7bbbfe889b2e883","绿色背景表示周末，红色背景表示节假日。每天可选择多个时间段","","packages/lead-mentor/src/views/profile/schedule/index.vue",166
"zh_e5a487e6b3a8efbc","备注（可选","","packages/lead-mentor/src/views/profile/schedule/index.vue",173
"zh_e5a682e69c89e789","如有特殊情况请在此说明，例如：节假日安排","","packages/lead-mentor/src/views/profile/schedule/index.vue",179
"zh_e4bf9de5ad98e4b8","保存下周排期","","packages/lead-mentor/src/views/profile/schedule/index.vue",186
"zh_e8afb7e59ca8e591","请在周日前完成填写","","packages/lead-mentor/src/views/profile/schedule/index.vue",191
"zh_e591a8e4b880272c","周一', '周二', '周三', '周四', '周五', '周六', '周日","","packages/lead-mentor/src/views/profile/schedule/index.vue",239
"zh_e69cace591a8","本周","","packages/lead-mentor/src/views/profile/schedule/index.vue",306
"zh_e4b88be591a8","下周","","packages/lead-mentor/src/views/profile/schedule/index.vue",307
"zh_e69caae5a1abe586","未填写排期将无法被安排课程，系统将发送邮件提醒","","packages/lead-mentor/src/views/profile/schedule/index.vue",309
"zh_e5be85e5908ce6ad","待同步","","packages/lead-mentor/src/views/profile/schedule/index.vue",313
"zh_e5be85e5a1abe586","待填写","","packages/lead-mentor/src/views/profile/schedule/index.vue",320
"zh_e69caae5a1abe586","未填写","","packages/lead-mentor/src/views/profile/schedule/index.vue",374
"zh_e68e92e69c9fe58a","排期加载失败","","packages/lead-mentor/src/views/profile/schedule/index.vue",430
"zh_e4b88be591a8e68e","下周排期已按真实状态保存","","packages/lead-mentor/src/views/profile/schedule/index.vue",442
"zh_e68e92e69c9fe4bf","排期保存失败","","packages/lead-mentor/src/views/profile/schedule/index.vue",444
"zh_e5ada6e68385e68a","学情报告功能开发中","","packages/lead-mentor/src/views/reports/index.vue",4
"zh_e68e92e8afbee680","排课总览","","packages/lead-mentor/src/views/schedule/index.vue",3
"zh_e5ada6e59198e7ae","学员管理","","packages/lead-mentor/src/views/students/index.vue",3
"zh_e78fade7baa7","班级","","packages/lead-mentor/src/views/students/index.vue",15
"zh_e5b7b2e5ae8ce688","已完成课时","","packages/lead-mentor/src/views/students/index.vue",17
"zh_e5ada6e4b9a0e78a","学习状态","","packages/lead-mentor/src/views/students/index.vue",18
"zh_e5bca0e5908ce5ad","张同学","","packages/lead-mentor/src/views/students/index.vue",21
"zh_e6ada3e5b8b8","正常","","packages/lead-mentor/src/views/students/index.vue",21
"zh_e69d8ee5908ce5ad","李同学","","packages/lead-mentor/src/views/students/index.vue",22
"zh_e4b88ae68aa5e8af","上报课程记录","","packages/lead-mentor/src/views/teaching/class-records/index.vue",15
"zh_e68891e79a84e794","我的申报","","packages/lead-mentor/src/views/teaching/class-records/index.vue",29
"zh_e8aeb0e5bd95","记录","","packages/lead-mentor/src/views/teaching/class-records/index.vue",112
"zh_e8be85e5afbce586","辅导内容","","packages/lead-mentor/src/views/teaching/class-records/index.vue",114
"zh_e8afbee7a88be586","课程内容","","packages/lead-mentor/src/views/teaching/class-records/index.vue",115
"zh_e4b88ae8afbee697","上课日期","","packages/lead-mentor/src/views/teaching/class-records/index.vue",116
"zh_e697b6e995bf","时长","","packages/lead-mentor/src/views/teaching/class-records/index.vue",117
"zh_e5aea1e6a0b8e78a","审核状态","","packages/lead-mentor/src/views/teaching/class-records/index.vue",118
"zh_e5ada6e59198e8af","学员评价","","packages/lead-mentor/src/views/teaching/class-records/index.vue",119
"zh_e794b3e68aa5e4ba","申报人","","packages/lead-mentor/src/views/teaching/class-records/index.vue",233
"zh_e6909ce7b4a2e5ad","搜索学员姓名","","packages/lead-mentor/src/views/teaching/class-records/index.vue",486
"zh_e8be85e5afbce7b1","辅导类型', '岗位辅导', '模拟应聘","","packages/lead-mentor/src/views/teaching/class-records/index.vue",488
"zh_e8afbee7a88be586","课程内容', '新简历', '简历更新', 'Case准备', '模拟面试', '人际关系期中考试', '模拟期中考试', 'Behavioral', 'Technical', '其他","","packages/lead-mentor/src/views/teaching/class-records/index.vue",489
"zh_e697b6e997b4e88c","时间范围', '本周', '上周', '本月","","packages/lead-mentor/src/views/teaching/class-records/index.vue",490
"zh_e8afbee7a88be586","课程内容', '新简历', '简历更新', 'Case准备', '模拟面试', '人际关系期中考试', '模拟期中考试', '其他","","packages/lead-mentor/src/views/teaching/class-records/index.vue",498
"zh_e696b0e7ae80e58e","新简历","","packages/lead-mentor/src/views/teaching/class-records/index.vue",505
"zh_e7ae80e58e86e69b","简历更新","","packages/lead-mentor/src/views/teaching/class-records/index.vue",506
"zh_e58786e5a487","准备","","packages/lead-mentor/src/views/teaching/class-records/index.vue",507
"zh_e4babae99985e585","人际关系期中考试","","packages/lead-mentor/src/views/teaching/class-records/index.vue",509
"zh_e6a8a1e68b9fe69c","模拟期中考试","","packages/lead-mentor/src/views/teaching/class-records/index.vue",510
"zh_e585b6e4bb96","其他","","packages/lead-mentor/src/views/teaching/class-records/index.vue",513
"zh_e585a8e983a8","全部","","packages/lead-mentor/src/views/teaching/class-records/index.vue",564
"zh_e5be85e5aea1e6a0","待审核","","packages/lead-mentor/src/views/teaching/class-records/index.vue",565
"zh_e5b7b2e9809ae8bf","已通过","","packages/lead-mentor/src/views/teaching/class-records/index.vue",566
"zh_e5b7b2e9a9b3e59b","已驳回","","packages/lead-mentor/src/views/teaching/class-records/index.vue",567
"zh_e6a8a1e68b9fe5ba","模拟应聘","","packages/lead-mentor/src/views/teaching/class-records/index.vue",615
"zh_e5b297e4bd8de8be","岗位辅导","","packages/lead-mentor/src/views/teaching/class-records/index.vue",621
"zh_e69fa5e79c8be58e","查看原因","","packages/lead-mentor/src/views/teaching/class-records/index.vue",677
"zh_e58aa0e8bdbde8af","加载课程记录失败","","packages/lead-mentor/src/views/teaching/class-records/index.vue",704
"zh_e586bbe7bb93efbc","冻结，不可申报","","packages/lead-mentor/src/views/teaching/class-records/index.vue",722
"zh_e5b7b2e98080e8b4","已退费，不可申报","","packages/lead-mentor/src/views/teaching/class-records/index.vue",724
"zh_e5b7b2e68f90e4ba","已提交课程记录","","packages/lead-mentor/src/views/teaching/class-records/index.vue",756
"zh_e7ad89e5be85e5ae","等待审核","","packages/lead-mentor/src/views/teaching/class-records/index.vue",756
"zh_e6a8a1e68b9fe99d","模拟面试反馈详情","","packages/lead-mentor/src/views/teaching/class-records/index.vue",802
"zh_e6a8a1e68b9fe99d","模拟面试反馈","","packages/lead-mentor/src/views/teaching/class-records/index.vue",809
"zh_e99da2e8af95e8a1","面试表现","","packages/lead-mentor/src/views/teaching/class-records/index.vue",810
"zh_e5ada6e7949fe59c","学生在模拟面试中表现良好，回答问题逻辑清晰，表达流畅。对DCF和LBO基础知识掌握扎实，能够清晰解释估值方法。行为面试部分STAR法则运用得当","","packages/lead-mentor/src/views/teaching/class-records/index.vue",812
"zh_e7bbbce59088e8af","综合评分","","packages/lead-mentor/src/views/teaching/class-records/index.vue",813
"zh_e58886202d20e889","分 - 良好，稍加练习","","packages/lead-mentor/src/views/teaching/class-records/index.vue",814
"zh_e99da2e8af95e7b1","面试类型","","packages/lead-mentor/src/views/teaching/class-records/index.vue",815
"zh_e68a80e69cafe99d","技术面试","","packages/lead-mentor/src/views/teaching/class-records/index.vue",816
"zh_e99c80e8a681e58a","需要加强对TMT行业的了解","","packages/lead-mentor/src/views/teaching/class-records/index.vue",819
"zh_e5bbbae8aeaee5a4","建议多准备一些高级LBO场景","","packages/lead-mentor/src/views/teaching/class-records/index.vue",820
"zh_e6b3a8e6848fe68e","注意控制回答时间，避免过度解释简单概念","","packages/lead-mentor/src/views/teaching/class-records/index.vue",821
"zh_e7ae80e58e86e4bf","简历修改反馈详情","","packages/lead-mentor/src/views/teaching/class-records/index.vue",830
"zh_e7ae80e58e86e4bf","简历修改反馈","","packages/lead-mentor/src/views/teaching/class-records/index.vue",837
"zh_e4bfaee694b9e8a6","修改要点","","packages/lead-mentor/src/views/teaching/class-records/index.vue",838
"zh_e4bc98e58c96e4ba","优化了工作经历描述，增加了量化数据","","packages/lead-mentor/src/views/teaching/class-records/index.vue",840
"zh_e8b083e695b4e4ba","调整了项目经验排版，突出关键成果","","packages/lead-mentor/src/views/teaching/class-records/index.vue",841
"zh_e7b2bee7ae80e4ba","精简了技能部分，删除不相关内容","","packages/lead-mentor/src/views/teaching/class-records/index.vue",842
"zh_e4bfaee694b9e4ba","修改了个人简介，更加突出求职意向","","packages/lead-mentor/src/views/teaching/class-records/index.vue",843
"zh_e5ae8ce68890e5ba","完成度评估","","packages/lead-mentor/src/views/teaching/class-records/index.vue",845
"zh_e59fbae69cace5ae","基本完成，需微调","","packages/lead-mentor/src/views/teaching/class-records/index.vue",846
"zh_e5908ee7bbade5bb","后续建议","","packages/lead-mentor/src/views/teaching/class-records/index.vue",847
"zh_e5bbbae8aeaee992","建议针对不同公司定制简历版本","","packages/lead-mentor/src/views/teaching/class-records/index.vue",849
"zh_e58fafe4bba5e5a2","可以增加一些咨询相关的课外活动","","packages/lead-mentor/src/views/teaching/class-records/index.vue",850
"zh_e4b88be6aca1e987","下次重点修改","","packages/lead-mentor/src/views/teaching/class-records/index.vue",851
"zh_e4babae88489e68b","人脉拓展反馈详情","","packages/lead-mentor/src/views/teaching/class-records/index.vue",860
"zh_e4babae88489e68b","人脉拓展反馈","","packages/lead-mentor/src/views/teaching/class-records/index.vue",867
"zh_e68b93e5b195e683","拓展情况","","packages/lead-mentor/src/views/teaching/class-records/index.vue",868
"zh_e69cace6aca1e5b8","本次帮助学生联系了高盛IBD部门的VP，进行了30分钟的Coffee Chat。讨论了IBD的日常工作、招聘流程和面试准备建议。VP对学生印象良好，表示可以帮忙内推","","packages/lead-mentor/src/views/teaching/class-records/index.vue",870
"zh_e88194e7b3bbe4ba","联系人姓名","","packages/lead-mentor/src/views/teaching/class-records/index.vue",871
"zh_e5bca0e7bb8fe790","张经理","","packages/lead-mentor/src/views/teaching/class-records/index.vue",872
"zh_e88194e7b3bbe4ba","联系人公司/职位","","packages/lead-mentor/src/views/teaching/class-records/index.vue",873
"zh_e9ab98e79b9b","高盛","","packages/lead-mentor/src/views/teaching/class-records/index.vue",874
"zh_e5908ee7bbade8b7","后续跟进计划","","packages/lead-mentor/src/views/teaching/class-records/index.vue",875
"zh_e4b880e591a8e590","一周后发送感谢邮件","","packages/lead-mentor/src/views/teaching/class-records/index.vue",877
"zh_e58786e5a487e586","准备内推申请材料","","packages/lead-mentor/src/views/teaching/class-records/index.vue",878
"zh_e68c81e7bbade585","持续关注高盛招聘动态","","packages/lead-mentor/src/views/teaching/class-records/index.vue",879
"zh_e5b8b8e8a784e8be","常规辅导反馈详情","","packages/lead-mentor/src/views/teaching/class-records/index.vue",888
"zh_e5b8b8e8a784e8be","常规辅导反馈","","packages/lead-mentor/src/views/teaching/class-records/index.vue",895
"zh_e4b88ae8afbee586","上课内容","","packages/lead-mentor/src/views/teaching/class-records/index.vue",896
"zh_e8aeb2e8a7a3e4ba","讲解了DCF估值模型的基础原理","","packages/lead-mentor/src/views/teaching/class-records/index.vue",898
"zh_e7bb83e4b9a0e4ba","练习了Excel建模，完成了一个简单的DCF模型","","packages/lead-mentor/src/views/teaching/class-records/index.vue",899
"zh_e5a48de4b9a0e4ba","复习了财务报表分析的关键指标","","packages/lead-mentor/src/views/teaching/class-records/index.vue",900
"zh_e4bb8be7bb8de4ba","介绍了可比公司分析方法","","packages/lead-mentor/src/views/teaching/class-records/index.vue",901
"zh_e5ada6e7949fe8a1","学生表现","","packages/lead-mentor/src/views/teaching/class-records/index.vue",903
"zh_e5ada6e7949fe5ad","学生学习态度认真，课堂参与度高。对财务概念理解较快，Excel操作熟练。但在WACC计算部分还需要加强理解","","packages/lead-mentor/src/views/teaching/class-records/index.vue",905
"zh_e4b88be6aca1e8af","下次课程计划","","packages/lead-mentor/src/views/teaching/class-records/index.vue",906
"zh_e6b7b1e585a5e8ae","深入讲解WACC的计算方法","","packages/lead-mentor/src/views/teaching/class-records/index.vue",908
"zh_e5ae8ce68890e4b8","完成一个完整的LBO模型练习","","packages/lead-mentor/src/views/teaching/class-records/index.vue",909
"zh_e5b883e7bdaee8af","布置课后作业：分析一家上市公司的财务报表","","packages/lead-mentor/src/views/teaching/class-records/index.vue",910
"zh_e8afbee7a88be5ae","课程审核驳回","","packages/lead-mentor/src/views/teaching/class-records/index.vue",919
"zh_e8afbee7a88be7b1","课程类型","","packages/lead-mentor/src/views/teaching/class-records/index.vue",922
"zh_e4b88ae8afbee697","上课时间","","packages/lead-mentor/src/views/teaching/class-records/index.vue",924
"zh_e68f90e4baa4e697","提交时长","","packages/lead-mentor/src/views/teaching/class-records/index.vue",926
"zh_e9a9b3e59b9ee58e","驳回原因","","packages/lead-mentor/src/views/teaching/class-records/index.vue",928
"zh_e8afbee7a88be697","课程时长与学员反馈不符，学员反馈实际上课时间为1小时。请核实后重新提交","","packages/lead-mentor/src/views/teaching/class-records/index.vue",929
"zh_e8afbee697b6e5ae","课时审核员","","packages/lead-mentor/src/views/teaching/class-records/index.vue",930
"zh_e6909ce7b4a2e5a7","搜索姓名","","packages/lead-mentor/src/views/teaching/students/index.vue",13
"zh_e5ada6e59198e7b1","学员类型","","packages/lead-mentor/src/views/teaching/students/index.vue",16
"zh_e5ada6e6a0a1","学校","","packages/lead-mentor/src/views/teaching/students/index.vue",26
"zh_e88bb1e69687e5a7","英文姓名","","packages/lead-mentor/src/views/teaching/students/index.vue",62
"zh_e585b3e7b3bb","关系","","packages/lead-mentor/src/views/teaching/students/index.vue",64
"zh_e99da2e8af95","面试","","packages/lead-mentor/src/views/teaching/students/index.vue",68
"zh_e589a9e4bd99e8af","剩余课时","","packages/lead-mentor/src/views/teaching/students/index.vue",70
"zh_e8b4a6e58fb7e78a","账号状态","","packages/lead-mentor/src/views/teaching/students/index.vue",71
"zh_e69fa5e79c8be6b1","查看求职","","packages/lead-mentor/src/views/teaching/students/index.vue",117
"zh_e69a82e697a0e58f","暂无可查看学员","","packages/lead-mentor/src/views/teaching/students/index.vue",122
"zh_e69da1e8aeb0e5bd","条记录","","packages/lead-mentor/src/views/teaching/students/index.vue",131
"zh_e4b88ae4b880e9a1","上一页","","packages/lead-mentor/src/views/teaching/students/index.vue",133
"zh_e4b88be4b880e9a1","下一页","","packages/lead-mentor/src/views/teaching/students/index.vue",135
"zh_e5ada6e59198e588","学员列表加载失败","","packages/lead-mentor/src/views/teaching/students/index.vue",275
"zh_e78fade4b8bbe4bb","班主任为我","","packages/lead-mentor/src/views/teaching/students/index.vue",308
"zh_e7a791e68a80","科技","","packages/lead-mentor/src/views/teaching/students/index.vue",334